commit_or_patch_id	timestamp	status	score	build_ok	tests_ok	typecheck_ok	duration_seconds	changed_files	description
8b3c542	2026-03-18 09:26:02	baseline	96	yes	yes	no	28	none	Initial baseline measurement
8b3c542	2026-03-18 09:26:35	skip	96	yes	yes	no	19	none	no improvement found
8b3c542	2026-03-18 09:27:06	skip	96	yes	yes	no	19	none	no improvement found
8b3c542	2026-03-18 09:27:26	skip	96	yes	yes	no	19	none	no improvement found
8b3c542	2026-03-18 09:27:45	skip	96	yes	yes	no	19	none	no improvement found
8b3c542	2026-03-18 09:28:04	skip	96	yes	yes	no	20	none	no improvement found
8b3c542	2026-03-18 09:28:25	skip	96	yes	yes	no	20	none	no improvement found
8b3c542	2026-03-18 09:28:45	skip	96	yes	yes	no	20	none	no improvement found
8b3c542	2026-03-18 09:29:04	skip	96	yes	yes	no	19	none	no improvement found
8b3c542	2026-03-18 09:29:23	skip	96	yes	yes	no	19	none	no improvement found
8b3c542	2026-03-18 09:29:42	skip	96	yes	yes	no	19	none	no improvement found
8b3c542	2026-03-18 09:30:01	skip	96	yes	yes	no	19	none	no improvement found
